{
  "version": 1,
  "author": "Ilham Maulana",
  "editor": "wokwi",
  "parts": [
    { "type": "wokwi-esp32-devkit-v1", "id": "esp", "top": 14.3, "left": -24.2, "attrs": {} },
    {
      "type": "wokwi-dht22",
      "id": "dht1",
      "top": -47.7,
      "left": -149.4,
      "attrs": { "temperature": "6.1", "humidity": "33" }
    },
    {
      "type": "wokwi-lcd1602",
      "id": "lcd1",
      "top": -128,
      "left": 159.2,
      "attrs": { "pins": "i2c" }
    },
    { "type": "wokwi-vcc", "id": "vcc1", "top": -152.84, "left": 48, "attrs": {} },
    { "type": "wokwi-gnd", "id": "gnd1", "top": -76.8, "left": 47.4, "attrs": {} },
    {
      "type": "wokwi-led",
      "id": "led1",
      "top": 299.2,
      "left": 147.8,
      "rotate": 180,
      "attrs": { "color": "red", "flip": "1" }
    },
    {
      "type": "wokwi-resistor",
      "id": "r1",
      "top": 216,
      "left": 143.45,
      "rotate": 90,
      "attrs": { "value": "220" }
    }
  ],
  "connections": [
    [ "esp:TX0", "$serialMonitor:RX", "", [] ],
    [ "esp:RX0", "$serialMonitor:TX", "", [] ],
    [ "dht1:GND", "esp:GND.2", "black", [ "v0" ] ],
    [ "dht1:VCC", "esp:3V3", "red", [ "v109.9", "h249.6", "v-33.1" ] ],
    [ "dht1:SDA", "esp:D13", "green", [ "v0" ] ],
    [ "lcd1:SDA", "esp:D21", "green", [ "h-48", "v154.2" ] ],
    [ "lcd1:SCL", "esp:D22", "green", [ "h-28.8", "v115.8" ] ],
    [ "lcd1:VCC", "vcc1:VCC", "red", [ "h0" ] ],
    [ "lcd1:GND", "gnd1:GND", "black", [ "h0" ] ],
    [ "r1:1", "esp:D4", "green", [ "h0" ] ],
    [ "esp:GND.2", "led1:C", "black", [ "h-48", "v67.1", "h230" ] ],
    [ "r1:2", "led1:A", "green", [ "h0" ] ]
  ],
  "dependencies": {}
}